<?xml version="1.0" encoding="UTF-8"?>
<project-private xmlns="http://www.netbeans.org/ns/project-private/1">
    <editor-bookmarks xmlns="http://www.netbeans.org/ns/editor-bookmarks/2" lastBookmarkId="0"/>
    <open-files xmlns="http://www.netbeans.org/ns/projectui-open-files/2">
        <group>
            <file>file:/C:/xampp/htdocs/CRUD/+koneksi.php</file>
            <file>file:/C:/xampp/htdocs/CRUD/crud3.sql</file>
            <file>file:/C:/xampp/htdocs/CRUD/index.php</file>
            <file>file:/C:/xampp/htdocs/CRUD/README.md</file>
            <file>file:/C:/xampp/htdocs/CRUD/login.php</file>
            <file>file:/C:/xampp/htdocs/CRUD/form_edit.php</file>
            <file>file:/C:/xampp/htdocs/CRUD/form_tambah.php</file>
        </group>
    </open-files>
</project-private>
